{"schema":5,"addons":[{"id":"{e4a8a97b-f2ed-450b-b12d-ee082ba24781}","icons":{"32":"https://addons.cdn.mozilla.net/user-media/addon_icons/0/748-32.png?modified=1402930904","64":"https://addons.cdn.mozilla.net/user-media/addon_icons/0/748-64.png?modified=1402930904"},"name":"Greasemonkey","type":"extension","version":"3.2","repositoryStatus":4,"creator":{"name":"Anthony Lieuallen","url":"https://addons.mozilla.org/en-US/firefox/user/arantius/?src=api"},"developers":[{"name":"Aaron Boodman","url":"https://addons.mozilla.org/en-US/firefox/user/aaron-boodman/?src=api"},{"name":"Johan Sundström","url":"https://addons.mozilla.org/en-US/firefox/user/ecmanaut/?src=api"}],"description":"Customize the way a web page displays or behaves, by using small bits of JavaScript.","fullDescription":"Allows you to customize the way a web page displays or behaves, by using small bits of JavaScript.\n\nYou can write your own scripts, too. Check out http://wiki.greasespot.net/ to get started. Many scripts already exist, probably ones to enhance your favorite sites. Find them at http://wiki.greasespot.net/User_Script_Hosting .\n\n\nHaving trouble? Please don't post comments here, nobody will see them. If you need help, please read:\nhttp://wiki.greasespot.net/Greasemonkey_Manual:Getting_Help","isPlatformCompatible":true,"eula":null,"screenshots":[{"url":"https://addons.cdn.mozilla.net/user-media/previews/full/9/9463.png?src=api&modified=1331247702","thumbnailURL":"https://addons.cdn.mozilla.net/user-media/previews/thumbs/9/9463.png?src=api&modified=1331247702","caption":"Installation dialog."},{"url":"https://addons.cdn.mozilla.net/user-media/previews/full/67/67770.png?src=api&modified=1329493792","width":"700","height":"343","thumbnailURL":"https://addons.cdn.mozilla.net/user-media/previews/thumbs/67/67770.png?src=api&modified=1329493792","thumbnailWidth":"200","thumbnailHeight":"98","caption":"Script management is integrated with the Firefox Add-Ons Manager dialog."}],"averageRating":4,"learnmoreURL":"https://addons.mozilla.org/en-US/firefox/addon/greasemonkey/?src=api","homepageURL":"http://www.greasespot.net/","sourceURI":"https://addons.mozilla.org/firefox/downloads/file/319128/greasemonkey-3.2-fx.xpi?src=api","size":325051,"developerComments":null,"reviewURL":"https://addons.mozilla.org/en-US/firefox/addon/greasemonkey/reviews/?src=api","reviewCount":959,"totalDownloads":72162216,"weeklyDownloads":78169,"dailyUsers":1193834,"updateDate":1432908275000,"supportURL":"http://greasespot.net/"}]}