{"directory": [{"bgColor": "", "directoryId": 487, "enhancedImageURI": "https://tiles.cdn.mozilla.net/images/d11ba0b3095bb19d8092cd29be9cbb9e197671ea.28088.png", "imageURI": "https://tiles.cdn.mozilla.net/images/1332a68badf11e3f7f69bf7364e79c0a7e2753bc.5316.png", "title": "Mozilla Community", "type": "affiliate", "url": "http://contribute.mozilla.org/"}, {"bgColor": "", "directoryId": 1347, "enhancedImageURI": "https://tiles.cdn.mozilla.net/images/9f4b31ffd99b6660fff75a12f179cc1a18bed1f0.21733.png", "imageURI": "https://tiles.cdn.mozilla.net/images/277984a9c8aa11be8bc8e71c740924256132fd8e.21315.png", "title": "Get Firefox for Android", "type": "affiliate", "url": "http://android.www.mozilla.com/firefox/android/?utm_source=directory-tiles&utm_medium=tiles&utm_campaign=sc-2015-fennec&utm_content=phone-in-hand"}, {"bgColor": "", "directoryId": 1315, "enhancedImageURI": "https://tiles.cdn.mozilla.net/images/fc5808feda7629b76d81c6296bfef5bd79793280.6225.png", "imageURI": "https://tiles.cdn.mozilla.net/images/642bd837527637cc05d3b3d4f452f7f243fba4bb.11109.png", "title": "Get Disconnect", "type": "sponsored", "url": "https://disconnect.me/firefox/DE_en"}, {"bgColor": "", "directoryId": 1878, "enhancedImageURI": "https://tiles.cdn.mozilla.net/images/3b55ee7ef283ddbc2e6c1ea6c8d2530085e6f464.9962.png", "imageURI": "https://tiles.cdn.mozilla.net/images/0b5c390e21a5e3e96a6d809223e2106025463a33.5887.png", "title": "Pocket for Firefox", "type": "affiliate", "url": "https://www.mozilla.org/firefox/pocket/?utm_source=directory-tiles&utm_medium=tiles&utm_term=v1&utm_campaign=desktop"}, {"bgColor": "", "directoryId": 955, "enhancedImageURI": "https://tiles.cdn.mozilla.net/images/cc63774b7a9aae02fe36bc5caf90c1e25e66a2bc.13791.png", "imageURI": "https://tiles.cdn.mozilla.net/images/e822cd4628c5162313f49f5d4556f8aafdf38750.11513.png", "title": "Mozilla Manifesto", "type": "affiliate", "url": "https://www.mozilla.org/about/manifesto/"}, {"bgColor": "", "directoryId": 1879, "enhancedImageURI": "https://tiles.cdn.mozilla.net/images/f7a1eefc1df3a32e1b3eda3137fdea2a15a99b61.6248.png", "imageURI": "https://tiles.cdn.mozilla.net/images/7ee9917e1d92c8afefbcde247cd5ac6d5cb423de.4824.png", "title": "Follow us on social", "type": "affiliate", "url": "http://mzl.la/1Mdhxxu"}, {"bgColor": "", "directoryId": 502, "enhancedImageURI": "https://tiles.cdn.mozilla.net/images/40e5630405d5031ca73393bd7bc0064156f2cc82.10984.png", "imageURI": "https://tiles.cdn.mozilla.net/images/490d42d1f9a76c07739626d1b8a569169aec8fbe.11039.png", "title": "Customize Firefox", "type": "affiliate", "url": "http://fastestfirefox.com/firefox/desktop/customize/"}, {"bgColor": "#fff", "directoryId": 956, "imageURI": "https://tiles.cdn.mozilla.net/images/8acf9436e1b315f5f04b9435a518bcd1aef131f8.5663.png", "title": "Mozilla Developer Network", "type": "affiliate", "url": "https://developer.mozilla.org/en-US/?utm_source=mozilla&utm_medium=firefox-tile&utm_campaign=default"}, {"bgColor": "", "directoryId": 1880, "enhancedImageURI": "https://tiles.cdn.mozilla.net/images/6d6a50ebcfb782c4e68649b7897288f0f368ec14.19147.png", "imageURI": "https://tiles.cdn.mozilla.net/images/27af8eefc8725c9669efa52abc36fabe530d2529.7701.png", "title": "Sign up for our newsletter", "type": "affiliate", "url": "https://www.mozilla.org/newsletter?utm_source=directory-tiles&utm_medium=tiles&utm_term=v1&utm_campaign=desktop"}, {"bgColor": "#3fb58e", "directoryId": 1271, "enhancedImageURI": "https://tiles.cdn.mozilla.net/images/720121e7462d8c7863b4dd8fa7b5c1089b5f5fb2.33862.png", "imageURI": "https://tiles.cdn.mozilla.net/images/583de2b339502a7726bc05736a43b18e9c891350.2193.svg", "title": "Mozilla Webmaker", "type": "affiliate", "url": "https://webmaker.org/?utm_source=directory-tiles&utm_medium=firefox-browser"}, {"bgColor": "", "directoryId": 495, "enhancedImageURI": "https://tiles.cdn.mozilla.net/images/d971cbafa0309a201e518acdac4f1ee4dabc7eaa.15109.png", "imageURI": "https://tiles.cdn.mozilla.net/images/b4adc58dd3c02da355104977b910255060cfd6d8.10350.png", "title": "Firefox Sync", "type": "affiliate", "url": "http://mozilla-europe.org/firefox/sync"}, {"bgColor": "", "directoryId": 951, "enhancedImageURI": "https://tiles.cdn.mozilla.net/images/22fb856cd58365855eb725b1565f08a72464e039.18717.png", "imageURI": "https://tiles.cdn.mozilla.net/images/068e0ccbd8701a28e2f078c640ee072b9a16e2e1.12490.png", "title": "Privacy Principles", "type": "affiliate", "url": "http://europe.mozilla.org/privacy/you"}], "suggested": []}