{"schemaVersion":16,"addons":[{"id":"{972ce4c6-7e08-4474-a285-3208198ce6fd}","syncGUID":"jIgPHvbFc5tX","location":"app-global","version":"39.0","type":"theme","internalName":"classic/1.0","updateURL":null,"updateKey":null,"optionsURL":null,"optionsType":null,"aboutURL":null,"iconURL":null,"icon64URL":null,"defaultLocale":{"name":"Default","description":"The default theme.","creator":"Mozilla","homepageURL":null,"contributors":["Mozilla Contributors"]},"visible":true,"active":true,"userDisabled":false,"appDisabled":false,"descriptor":"C:\\Users\\fishlevel\\Downloads\\FirefoxPortable\\App\\firefox\\browser\\extensions\\{972ce4c6-7e08-4474-a285-3208198ce6fd}","installDate":1437648932983,"updateDate":1437648932983,"applyBackgroundUpdates":1,"skinnable":true,"size":3169,"sourceURI":null,"releaseNotesURI":null,"softDisabled":false,"foreignInstall":false,"hasBinaryComponents":false,"strictCompatibility":true,"locales":[],"targetApplications":[{"id":"{ec8030f7-c20a-464f-9b0e-13a3a9e97384}","minVersion":"39.0","maxVersion":"39.0"}],"targetPlatforms":[]},{"id":"{e4a8a97b-f2ed-450b-b12d-ee082ba24781}","syncGUID":"L6MTYUR9lQXm","location":"app-profile","version":"3.2","type":"extension","internalName":null,"updateURL":null,"updateKey":null,"optionsURL":"chrome://greasemonkey/content/options.xul","optionsType":null,"aboutURL":null,"iconURL":"chrome://greasemonkey/skin/icon32.png","icon64URL":null,"defaultLocale":{"name":"Greasemonkey","description":"A User Script Manager for Firefox","creator":"Aaron Boodman; http://youngpup.net/","homepageURL":"http://www.greasespot.net/","contributors":["Alexander Sturm; http://alex.st/","Anthony Lieuallen; http://arantius.com/","Chris Feldmann; http://axlotl.net/","David Schontzler; http://stilleye.com/","Erik Vold; http://erikvold.com/","Gareth Andrew; http://freegarethandrew.org/","Hisateru Tanaka","Jeremy Dunck; http://dunck.us/anabasis/","Jesper Kristensen; <mail@jesperkristensen.dk>","Johan Sundström; http://ecmanaut.blogspot.com/","JP Sugarbroad","Juan Pablo Guereca Alonso","Manpreet Singh","Mark Pilgrim; http://diveintomark.org/","Marti Martz","Matthew Gray; http://mkgray.com:8000/","Matthias Bauer; http://moeffju.net/","Mike Medley; http://sizzlemctwizzle.com/","Nikolas Coukouma; http://atrus.org/","Ori Avtallon","Pak Kei (logo); http://arkidect.com/","Sam Larison; http://samlarison.com/","Sergio Abreu; http://sitedosergio.sitesbr.net/","Tommi Rautava"]},"visible":true,"active":true,"userDisabled":false,"appDisabled":false,"descriptor":"C:\\Users\\fishlevel\\Downloads\\FirefoxPortable\\Data\\profile\\extensions\\{e4a8a97b-f2ed-450b-b12d-ee082ba24781}.xpi","installDate":1437648973584,"updateDate":1437648973584,"applyBackgroundUpdates":1,"bootstrap":false,"size":807634,"sourceURI":"https://addons.mozilla.org/firefox/downloads/file/319128/greasemonkey-3.2-fx.xpi?src=api","releaseNotesURI":null,"softDisabled":false,"foreignInstall":false,"hasBinaryComponents":false,"strictCompatibility":false,"locales":[],"targetApplications":[{"id":"{ec8030f7-c20a-464f-9b0e-13a3a9e97384}","minVersion":"35.0","maxVersion":"40.*"},{"id":"{8de7fcbb-c55c-4fbe-bfc5-fc555c87dbc4}","minVersion":"25.0","maxVersion":"25.*"}],"targetPlatforms":[],"multiprocessCompatible":false}]}