{"chrome://browser/content/browser.xul":{"navigator-toolbox":{"iconsize":"small"},"main-window":{"width":"1260","height":"757","screenX":"1686","screenY":"6","sizemode":"maximized"},"titlebar-placeholder-on-menubar-for-caption-buttons":{"width":"106"},"titlebar-placeholder-on-TabsToolbar-for-captions-buttons":{"width":"106"},"nav-bar":{"currentset":"urlbar-container,loop-button"},"toolbar-menubar":{"autohide":"true","currentset":"menubar-items"},"TabsToolbar":{"currentset":"tabbrowser-tabs,new-tab-button,alltabs-button"},"PersonalToolbar":{"currentset":"personal-bookmarks"},"addon-bar":{"currentset":"addonbar-closebutton,status-bar"},"sidebar-title":{"value":""}},"about:config":{"prefCol":{"ordinal":"1","sortDirection":"ascending"},"lockCol":{"ordinal":"3"},"typeCol":{"ordinal":"5"},"valueCol":{"ordinal":"7"}}}